PartitionKey,RowKey,Timestamp,CreationDate,CreationDate@type,PolicyHolderId,PolicyHolderId@type,PolicyId,PolicyId@type
f83f579c2a9846eaac65c546c706cd67,0415030cedc73dad,2017-06-29T15:41:19.081Z,2017-06-29T15:41:18.272Z,Edm.DateTime,0415030cedc73dad,Edm.String,f83f579c2a9846eaac65c546c706cd67,Edm.String
f83f579c2a9846eaac65c546c706cd67,069289bdf552c586,2017-06-29T16:50:52.619Z,2017-06-29T16:50:52.585Z,Edm.DateTime,069289bdf552c586,Edm.String,f83f579c2a9846eaac65c546c706cd67,Edm.String
f83f579c2a9846eaac65c546c706cd67,102815873e91302e,2016-12-20T06:54:16.858Z,2016-12-20T06:54:17.225Z,Edm.DateTime,102815873e91302e,Edm.String,f83f579c2a9846eaac65c546c706cd67,Edm.String
f83f579c2a9846eaac65c546c706cd67,10b7b23fc6e81484,2016-10-21T15:38:24.952Z,2016-10-21T15:38:24.968Z,Edm.DateTime,10b7b23fc6e81484,Edm.String,f83f579c2a9846eaac65c546c706cd67,Edm.String
f83f579c2a9846eaac65c546c706cd67,110f6b0fe69c666b,2017-02-09T15:07:06.928Z,2017-02-09T15:07:07.212Z,Edm.DateTime,110f6b0fe69c666b,Edm.String,f83f579c2a9846eaac65c546c706cd67,Edm.String
f83f579c2a9846eaac65c546c706cd67,15dc79d068ebe34c,2017-06-03T03:49:43.853Z,2017-06-03T03:49:43.949Z,Edm.DateTime,15dc79d068ebe34c,Edm.String,f83f579c2a9846eaac65c546c706cd67,Edm.String
f83f579c2a9846eaac65c546c706cd67,16d2ba28586e5936,2016-09-13T07:10:52.152Z,2016-09-13T07:10:52.658Z,Edm.DateTime,16d2ba28586e5936,Edm.String,f83f579c2a9846eaac65c546c706cd67,Edm.String
f83f579c2a9846eaac65c546c706cd67,16f7398e3a00c450,2017-04-23T14:09:07.674Z,2017-04-23T14:09:07.216Z,Edm.DateTime,16f7398e3a00c450,Edm.String,f83f579c2a9846eaac65c546c706cd67,Edm.String
f83f579c2a9846eaac65c546c706cd67,17cab5423177c2cd,2017-03-21T18:55:54.741Z,2017-03-21T18:55:55.025Z,Edm.DateTime,17cab5423177c2cd,Edm.String,f83f579c2a9846eaac65c546c706cd67,Edm.String
f83f579c2a9846eaac65c546c706cd67,18960a071c4853b2,2017-06-29T17:43:02.332Z,2017-06-29T17:43:02.366Z,Edm.DateTime,18960a071c4853b2,Edm.String,f83f579c2a9846eaac65c546c706cd67,Edm.String
f83f579c2a9846eaac65c546c706cd67,197eee5fc35a1637,2018-05-26T09:57:11.641Z,2018-05-26T09:57:11.607Z,Edm.DateTime,197eee5fc35a1637,Edm.String,f83f579c2a9846eaac65c546c706cd67,Edm.String
f83f579c2a9846eaac65c546c706cd67,1986ceac339bf604,2016-12-15T12:06:36.171Z,2016-12-15T12:06:36.589Z,Edm.DateTime,1986ceac339bf604,Edm.String,f83f579c2a9846eaac65c546c706cd67,Edm.String
f83f579c2a9846eaac65c546c706cd67,1a73279556986c2c,2018-06-12T08:20:55.047Z,2018-06-12T08:20:54.892Z,Edm.DateTime,1a73279556986c2c,Edm.String,f83f579c2a9846eaac65c546c706cd67,Edm.String
f83f579c2a9846eaac65c546c706cd67,1f68ede9479c2fcb,2017-01-09T18:24:40.800Z,2017-01-09T18:24:41.856Z,Edm.DateTime,1f68ede9479c2fcb,Edm.String,f83f579c2a9846eaac65c546c706cd67,Edm.String
f83f579c2a9846eaac65c546c706cd67,1f73df76f78c6ec4,2018-05-25T15:55:11.739Z,2018-05-25T15:55:11.680Z,Edm.DateTime,1f73df76f78c6ec4,Edm.String,f83f579c2a9846eaac65c546c706cd67,Edm.String
f83f579c2a9846eaac65c546c706cd67,1f8291b43b884437,2017-01-08T13:29:21.279Z,2017-01-08T13:29:22.288Z,Edm.DateTime,1f8291b43b884437,Edm.String,f83f579c2a9846eaac65c546c706cd67,Edm.String
f83f579c2a9846eaac65c546c706cd67,1fc1e8502bda5565,2017-01-31T17:19:07.184Z,2017-01-31T17:19:04.855Z,Edm.DateTime,1fc1e8502bda5565,Edm.String,f83f579c2a9846eaac65c546c706cd67,Edm.String
f83f579c2a9846eaac65c546c706cd67,208fec3228abb904,2018-05-21T18:59:51.561Z,2018-05-21T18:59:51.485Z,Edm.DateTime,208fec3228abb904,Edm.String,f83f579c2a9846eaac65c546c706cd67,Edm.String
f83f579c2a9846eaac65c546c706cd67,22262dce2b1c4266,2017-11-06T06:54:33.317Z,2017-11-06T06:54:32.082Z,Edm.DateTime,22262dce2b1c4266,Edm.String,f83f579c2a9846eaac65c546c706cd67,Edm.String
f83f579c2a9846eaac65c546c706cd67,27279da6b9a4803e,2017-01-14T14:23:06.644Z,2017-01-14T14:23:06.120Z,Edm.DateTime,27279da6b9a4803e,Edm.String,f83f579c2a9846eaac65c546c706cd67,Edm.String
f83f579c2a9846eaac65c546c706cd67,274815438a0f4bb2,2017-02-12T05:40:24.440Z,2017-02-12T05:40:24.300Z,Edm.DateTime,274815438a0f4bb2,Edm.String,f83f579c2a9846eaac65c546c706cd67,Edm.String
f83f579c2a9846eaac65c546c706cd67,28762ee4658846c9,2017-01-09T08:38:41.026Z,2017-01-09T08:38:38.942Z,Edm.DateTime,28762ee4658846c9,Edm.String,f83f579c2a9846eaac65c546c706cd67,Edm.String
f83f579c2a9846eaac65c546c706cd67,29741facc88d232d,2018-05-17T21:16:30.796Z,2018-05-17T21:16:30.600Z,Edm.DateTime,29741facc88d232d,Edm.String,f83f579c2a9846eaac65c546c706cd67,Edm.String
f83f579c2a9846eaac65c546c706cd67,2a2e365aac1c4901,2016-09-02T10:22:54.155Z,2016-09-02T10:22:52.111Z,Edm.DateTime,2a2e365aac1c4901,Edm.String,f83f579c2a9846eaac65c546c706cd67,Edm.String
f83f579c2a9846eaac65c546c706cd67,2b83a7ba9efa36c9,2017-07-10T20:35:40.277Z,2017-07-10T20:35:40.140Z,Edm.DateTime,2b83a7ba9efa36c9,Edm.String,f83f579c2a9846eaac65c546c706cd67,Edm.String
f83f579c2a9846eaac65c546c706cd67,2be421acd53da929,2017-07-12T15:11:43.257Z,2017-07-12T15:11:42.775Z,Edm.DateTime,2be421acd53da929,Edm.String,f83f579c2a9846eaac65c546c706cd67,Edm.String
f83f579c2a9846eaac65c546c706cd67,2f4b60ae4665b838,2017-07-06T09:29:39.106Z,2017-07-06T09:29:39.046Z,Edm.DateTime,2f4b60ae4665b838,Edm.String,f83f579c2a9846eaac65c546c706cd67,Edm.String
f83f579c2a9846eaac65c546c706cd67,32dbfda7ba457482,2017-06-05T16:04:03.324Z,2017-06-05T16:04:03.957Z,Edm.DateTime,32dbfda7ba457482,Edm.String,f83f579c2a9846eaac65c546c706cd67,Edm.String
f83f579c2a9846eaac65c546c706cd67,330eba0a1ab7188c,2017-07-22T11:06:06.369Z,2017-07-22T11:06:07.082Z,Edm.DateTime,330eba0a1ab7188c,Edm.String,f83f579c2a9846eaac65c546c706cd67,Edm.String
f83f579c2a9846eaac65c546c706cd67,3335cff9db8e3647,2017-07-11T13:08:57.913Z,2017-07-11T13:08:57.102Z,Edm.DateTime,3335cff9db8e3647,Edm.String,f83f579c2a9846eaac65c546c706cd67,Edm.String
f83f579c2a9846eaac65c546c706cd67,353ea16f197dbb92,2017-07-21T14:53:52.599Z,2017-07-21T14:53:52.252Z,Edm.DateTime,353ea16f197dbb92,Edm.String,f83f579c2a9846eaac65c546c706cd67,Edm.String
f83f579c2a9846eaac65c546c706cd67,383780d5d8f1b277,2017-03-17T10:54:23.223Z,2017-03-17T10:54:23.443Z,Edm.DateTime,383780d5d8f1b277,Edm.String,f83f579c2a9846eaac65c546c706cd67,Edm.String
f83f579c2a9846eaac65c546c706cd67,38b8e9d08b75634f,2017-07-15T02:06:31.176Z,2017-07-15T02:06:31.295Z,Edm.DateTime,38b8e9d08b75634f,Edm.String,f83f579c2a9846eaac65c546c706cd67,Edm.String
f83f579c2a9846eaac65c546c706cd67,3931eeaa14df757e,2017-06-21T19:27:28.363Z,2017-06-21T19:27:27.897Z,Edm.DateTime,3931eeaa14df757e,Edm.String,f83f579c2a9846eaac65c546c706cd67,Edm.String
f83f579c2a9846eaac65c546c706cd67,3a29a4ea24a7716b,2018-03-29T08:04:52.007Z,2018-03-29T08:04:51.820Z,Edm.DateTime,3a29a4ea24a7716b,Edm.String,f83f579c2a9846eaac65c546c706cd67,Edm.String
f83f579c2a9846eaac65c546c706cd67,3b049300c3dc4b4a,2017-08-18T09:10:42.112Z,2017-08-18T09:10:42.361Z,Edm.DateTime,3b049300c3dc4b4a,Edm.String,f83f579c2a9846eaac65c546c706cd67,Edm.String
f83f579c2a9846eaac65c546c706cd67,3bb9d56d2ceaedc9,2018-04-09T08:25:33.268Z,2018-04-09T08:25:33.175Z,Edm.DateTime,3bb9d56d2ceaedc9,Edm.String,f83f579c2a9846eaac65c546c706cd67,Edm.String
f83f579c2a9846eaac65c546c706cd67,3bdbcc71c96ca3a2,2018-03-29T09:05:26.370Z,2018-03-29T09:05:26.318Z,Edm.DateTime,3bdbcc71c96ca3a2,Edm.String,f83f579c2a9846eaac65c546c706cd67,Edm.String
f83f579c2a9846eaac65c546c706cd67,3de04dd28eab508,2017-01-18T18:52:10.351Z,2017-01-18T18:52:09.655Z,Edm.DateTime,3de04dd28eab508,Edm.String,f83f579c2a9846eaac65c546c706cd67,Edm.String
f83f579c2a9846eaac65c546c706cd67,40541e01659315fc,2016-12-25T17:09:57.474Z,2016-12-25T17:09:58.160Z,Edm.DateTime,40541e01659315fc,Edm.String,f83f579c2a9846eaac65c546c706cd67,Edm.String
f83f579c2a9846eaac65c546c706cd67,433901eca14e6f1a,2017-06-25T17:11:53.277Z,2017-06-25T17:11:52.639Z,Edm.DateTime,433901eca14e6f1a,Edm.String,f83f579c2a9846eaac65c546c706cd67,Edm.String
f83f579c2a9846eaac65c546c706cd67,4457b16cade3e887,2017-07-12T04:19:25.451Z,2017-07-12T04:19:24.583Z,Edm.DateTime,4457b16cade3e887,Edm.String,f83f579c2a9846eaac65c546c706cd67,Edm.String
f83f579c2a9846eaac65c546c706cd67,44af7931c006c674,2017-06-13T13:55:05.869Z,2017-06-13T13:55:05.995Z,Edm.DateTime,44af7931c006c674,Edm.String,f83f579c2a9846eaac65c546c706cd67,Edm.String
f83f579c2a9846eaac65c546c706cd67,44e31d1a80c9b69a,2017-03-19T12:09:18.792Z,2017-03-19T12:09:18.370Z,Edm.DateTime,44e31d1a80c9b69a,Edm.String,f83f579c2a9846eaac65c546c706cd67,Edm.String
f83f579c2a9846eaac65c546c706cd67,451d77ea0af68f48,2017-06-06T10:54:38.423Z,2017-06-06T10:54:38.514Z,Edm.DateTime,451d77ea0af68f48,Edm.String,f83f579c2a9846eaac65c546c706cd67,Edm.String
f83f579c2a9846eaac65c546c706cd67,474d8ec39f8fe42d,2017-06-22T09:13:55.054Z,2017-06-22T09:13:54.791Z,Edm.DateTime,474d8ec39f8fe42d,Edm.String,f83f579c2a9846eaac65c546c706cd67,Edm.String
f83f579c2a9846eaac65c546c706cd67,47b743d35f9f5f56,2017-01-08T10:24:14.962Z,2017-01-08T10:24:16.178Z,Edm.DateTime,47b743d35f9f5f56,Edm.String,f83f579c2a9846eaac65c546c706cd67,Edm.String
f83f579c2a9846eaac65c546c706cd67,47d5f56a55da8181,2017-01-05T19:09:09.871Z,2017-01-05T19:09:10.307Z,Edm.DateTime,47d5f56a55da8181,Edm.String,f83f579c2a9846eaac65c546c706cd67,Edm.String
f83f579c2a9846eaac65c546c706cd67,4b1c6f9f10b26c9f,2017-11-25T07:26:07.926Z,2017-11-25T07:26:06.718Z,Edm.DateTime,4b1c6f9f10b26c9f,Edm.String,f83f579c2a9846eaac65c546c706cd67,Edm.String
f83f579c2a9846eaac65c546c706cd67,4c727cec27d4f192,2017-01-04T11:16:33.816Z,2017-01-04T11:16:34.087Z,Edm.DateTime,4c727cec27d4f192,Edm.String,f83f579c2a9846eaac65c546c706cd67,Edm.String
f83f579c2a9846eaac65c546c706cd67,4c8207fb12499965,2017-11-02T05:24:46.157Z,2017-11-02T05:24:45.758Z,Edm.DateTime,4c8207fb12499965,Edm.String,f83f579c2a9846eaac65c546c706cd67,Edm.String
f83f579c2a9846eaac65c546c706cd67,4e12b3bc2045713f,2017-07-03T04:28:24.635Z,2017-07-03T04:28:23.566Z,Edm.DateTime,4e12b3bc2045713f,Edm.String,f83f579c2a9846eaac65c546c706cd67,Edm.String
f83f579c2a9846eaac65c546c706cd67,4e84c4d33433c66c,2017-06-30T17:10:26.887Z,2017-06-30T17:10:27.048Z,Edm.DateTime,4e84c4d33433c66c,Edm.String,f83f579c2a9846eaac65c546c706cd67,Edm.String
f83f579c2a9846eaac65c546c706cd67,50d42929db4bc49e,2018-06-20T09:27:58.456Z,2018-06-20T09:27:58.412Z,Edm.DateTime,50d42929db4bc49e,Edm.String,f83f579c2a9846eaac65c546c706cd67,Edm.String
f83f579c2a9846eaac65c546c706cd67,51092172c0d0da2f,2017-06-23T07:48:57.790Z,2017-06-23T07:48:58.026Z,Edm.DateTime,51092172c0d0da2f,Edm.String,f83f579c2a9846eaac65c546c706cd67,Edm.String
f83f579c2a9846eaac65c546c706cd67,563424af143c1c5a,2017-02-09T05:58:01.582Z,2017-02-09T05:58:01.807Z,Edm.DateTime,563424af143c1c5a,Edm.String,f83f579c2a9846eaac65c546c706cd67,Edm.String
f83f579c2a9846eaac65c546c706cd67,5680853090ba4e3d,2018-07-24T23:26:30.135Z,2018-07-24T23:26:30.061Z,Edm.DateTime,5680853090ba4e3d,Edm.String,f83f579c2a9846eaac65c546c706cd67,Edm.String
f83f579c2a9846eaac65c546c706cd67,56d773a23ad10b4e,2017-01-11T08:13:19.256Z,2017-01-11T08:13:20.248Z,Edm.DateTime,56d773a23ad10b4e,Edm.String,f83f579c2a9846eaac65c546c706cd67,Edm.String
f83f579c2a9846eaac65c546c706cd67,57bd2c3ace5f63c1,2017-07-12T10:34:09.065Z,2017-07-12T10:34:08.520Z,Edm.DateTime,57bd2c3ace5f63c1,Edm.String,f83f579c2a9846eaac65c546c706cd67,Edm.String
f83f579c2a9846eaac65c546c706cd67,5cdf51223937adc6,2016-09-27T17:12:55.697Z,2016-09-27T17:12:55.377Z,Edm.DateTime,5cdf51223937adc6,Edm.String,f83f579c2a9846eaac65c546c706cd67,Edm.String
f83f579c2a9846eaac65c546c706cd67,5d370d9206f10f82,2017-07-11T10:16:23.543Z,2017-07-11T10:16:22.808Z,Edm.DateTime,5d370d9206f10f82,Edm.String,f83f579c2a9846eaac65c546c706cd67,Edm.String
f83f579c2a9846eaac65c546c706cd67,5e3e716811380b48,2018-07-18T10:01:21.561Z,2018-07-18T10:01:21.449Z,Edm.DateTime,5e3e716811380b48,Edm.String,f83f579c2a9846eaac65c546c706cd67,Edm.String
f83f579c2a9846eaac65c546c706cd67,5eb83a79748cc6da,2017-02-06T07:09:51.718Z,2017-02-06T07:09:52.149Z,Edm.DateTime,5eb83a79748cc6da,Edm.String,f83f579c2a9846eaac65c546c706cd67,Edm.String
f83f579c2a9846eaac65c546c706cd67,5fdf0f69c41b9f4a,2017-03-14T06:36:58.296Z,2017-03-14T06:36:57.100Z,Edm.DateTime,5fdf0f69c41b9f4a,Edm.String,f83f579c2a9846eaac65c546c706cd67,Edm.String
f83f579c2a9846eaac65c546c706cd67,6157f67c1013cca2,2018-05-21T19:03:12.316Z,2018-05-21T19:03:12.259Z,Edm.DateTime,6157f67c1013cca2,Edm.String,f83f579c2a9846eaac65c546c706cd67,Edm.String
f83f579c2a9846eaac65c546c706cd67,617305d1adea6e69,2017-07-05T09:34:26.693Z,2017-07-05T09:34:26.814Z,Edm.DateTime,617305d1adea6e69,Edm.String,f83f579c2a9846eaac65c546c706cd67,Edm.String
f83f579c2a9846eaac65c546c706cd67,61e2f11b5f1aa080,2017-06-19T09:07:42.069Z,2017-06-19T09:07:42.273Z,Edm.DateTime,61e2f11b5f1aa080,Edm.String,f83f579c2a9846eaac65c546c706cd67,Edm.String
f83f579c2a9846eaac65c546c706cd67,622fce56976f92a3,2017-01-20T13:22:26.838Z,2017-01-20T13:22:26.881Z,Edm.DateTime,622fce56976f92a3,Edm.String,f83f579c2a9846eaac65c546c706cd67,Edm.String
f83f579c2a9846eaac65c546c706cd67,629172e06887028d,2016-09-27T08:38:59.818Z,2016-09-27T08:38:59.375Z,Edm.DateTime,629172e06887028d,Edm.String,f83f579c2a9846eaac65c546c706cd67,Edm.String
f83f579c2a9846eaac65c546c706cd67,6487c31979e9bb56,2016-12-19T16:21:06.969Z,2016-12-19T16:21:06.925Z,Edm.DateTime,6487c31979e9bb56,Edm.String,f83f579c2a9846eaac65c546c706cd67,Edm.String
f83f579c2a9846eaac65c546c706cd67,672d693adf0ff5df,2018-01-18T08:34:59.819Z,2018-01-18T08:34:59.904Z,Edm.DateTime,672d693adf0ff5df,Edm.String,f83f579c2a9846eaac65c546c706cd67,Edm.String
f83f579c2a9846eaac65c546c706cd67,673ebb004275e95d,2017-06-23T07:25:24.480Z,2017-06-23T07:25:23.457Z,Edm.DateTime,673ebb004275e95d,Edm.String,f83f579c2a9846eaac65c546c706cd67,Edm.String
f83f579c2a9846eaac65c546c706cd67,68e9858fe8a89fc9,2018-03-29T08:07:33.559Z,2018-03-29T08:07:33.483Z,Edm.DateTime,68e9858fe8a89fc9,Edm.String,f83f579c2a9846eaac65c546c706cd67,Edm.String
f83f579c2a9846eaac65c546c706cd67,697ac3db02ecdecf,2016-12-20T13:07:38.277Z,2016-12-20T13:07:38.568Z,Edm.DateTime,697ac3db02ecdecf,Edm.String,f83f579c2a9846eaac65c546c706cd67,Edm.String
f83f579c2a9846eaac65c546c706cd67,6a03ec576bb64ac7,2017-02-04T19:31:21.045Z,2017-02-04T19:31:21.249Z,Edm.DateTime,6a03ec576bb64ac7,Edm.String,f83f579c2a9846eaac65c546c706cd67,Edm.String
f83f579c2a9846eaac65c546c706cd67,6b3ba6ccb89d65bc,2017-06-22T03:35:59.757Z,2017-06-22T03:35:59.959Z,Edm.DateTime,6b3ba6ccb89d65bc,Edm.String,f83f579c2a9846eaac65c546c706cd67,Edm.String
f83f579c2a9846eaac65c546c706cd67,72b191b8e7462217,2017-08-23T15:03:00.765Z,2017-08-23T15:03:00.998Z,Edm.DateTime,72b191b8e7462217,Edm.String,f83f579c2a9846eaac65c546c706cd67,Edm.String
f83f579c2a9846eaac65c546c706cd67,72f6880086c640ba,2018-07-03T07:09:18.568Z,2018-07-03T07:09:18.374Z,Edm.DateTime,72f6880086c640ba,Edm.String,f83f579c2a9846eaac65c546c706cd67,Edm.String
f83f579c2a9846eaac65c546c706cd67,7423726838aee45,2016-09-09T09:17:40.805Z,2016-09-09T09:17:40.471Z,Edm.DateTime,7423726838aee45,Edm.String,f83f579c2a9846eaac65c546c706cd67,Edm.String
f83f579c2a9846eaac65c546c706cd67,7648a863871e87c0,2018-01-16T18:34:38.667Z,2018-01-16T18:34:38.899Z,Edm.DateTime,7648a863871e87c0,Edm.String,f83f579c2a9846eaac65c546c706cd67,Edm.String
f83f579c2a9846eaac65c546c706cd67,781a839cb8117d78,2017-07-01T08:20:46.894Z,2017-07-01T08:20:46.973Z,Edm.DateTime,781a839cb8117d78,Edm.String,f83f579c2a9846eaac65c546c706cd67,Edm.String
f83f579c2a9846eaac65c546c706cd67,7a443e4645a59db4,2017-07-21T09:31:22.798Z,2017-07-21T09:31:22.599Z,Edm.DateTime,7a443e4645a59db4,Edm.String,f83f579c2a9846eaac65c546c706cd67,Edm.String
f83f579c2a9846eaac65c546c706cd67,7a6c54306ac987e4,2017-01-08T04:39:21.227Z,2017-01-08T04:39:21.734Z,Edm.DateTime,7a6c54306ac987e4,Edm.String,f83f579c2a9846eaac65c546c706cd67,Edm.String
f83f579c2a9846eaac65c546c706cd67,7b0f782865d39bd6,2018-05-30T11:07:31.367Z,2018-05-30T11:07:31.280Z,Edm.DateTime,7b0f782865d39bd6,Edm.String,f83f579c2a9846eaac65c546c706cd67,Edm.String
f83f579c2a9846eaac65c546c706cd67,7b28348b06367cd,2018-04-25T10:46:51.275Z,2018-04-25T10:46:51.223Z,Edm.DateTime,7b28348b06367cd,Edm.String,f83f579c2a9846eaac65c546c706cd67,Edm.String
f83f579c2a9846eaac65c546c706cd67,7c19178363507a67,2017-09-23T13:10:03.252Z,2017-09-23T13:10:02.658Z,Edm.DateTime,7c19178363507a67,Edm.String,f83f579c2a9846eaac65c546c706cd67,Edm.String
f83f579c2a9846eaac65c546c706cd67,7d3cc8b6943d0aff,2017-06-14T13:39:18.336Z,2017-06-14T13:39:18.395Z,Edm.DateTime,7d3cc8b6943d0aff,Edm.String,f83f579c2a9846eaac65c546c706cd67,Edm.String
f83f579c2a9846eaac65c546c706cd67,7f04e570585a3959,2016-10-25T20:10:24.349Z,2016-10-25T20:10:24.877Z,Edm.DateTime,7f04e570585a3959,Edm.String,f83f579c2a9846eaac65c546c706cd67,Edm.String
f83f579c2a9846eaac65c546c706cd67,80c08fc52c77c93,2017-01-17T15:42:02.113Z,2017-01-17T15:42:01.462Z,Edm.DateTime,80c08fc52c77c93,Edm.String,f83f579c2a9846eaac65c546c706cd67,Edm.String
f83f579c2a9846eaac65c546c706cd67,80f05e235ba8dbde,2018-02-24T08:44:11.352Z,2018-02-24T08:44:11.213Z,Edm.DateTime,80f05e235ba8dbde,Edm.String,f83f579c2a9846eaac65c546c706cd67,Edm.String
f83f579c2a9846eaac65c546c706cd67,8605a4a37c219988,2018-04-12T12:19:52.767Z,2018-04-12T12:19:52.684Z,Edm.DateTime,8605a4a37c219988,Edm.String,f83f579c2a9846eaac65c546c706cd67,Edm.String
f83f579c2a9846eaac65c546c706cd67,868d3c417596d760,2018-05-21T17:04:21.791Z,2018-05-21T17:04:21.486Z,Edm.DateTime,868d3c417596d760,Edm.String,f83f579c2a9846eaac65c546c706cd67,Edm.String
f83f579c2a9846eaac65c546c706cd67,880b329db0baf999,2016-12-20T19:04:21.890Z,2016-12-20T19:04:22.423Z,Edm.DateTime,880b329db0baf999,Edm.String,f83f579c2a9846eaac65c546c706cd67,Edm.String
f83f579c2a9846eaac65c546c706cd67,89062e5e48c864a3,2017-03-11T06:18:30.017Z,2017-03-11T06:18:29.926Z,Edm.DateTime,89062e5e48c864a3,Edm.String,f83f579c2a9846eaac65c546c706cd67,Edm.String
f83f579c2a9846eaac65c546c706cd67,89528a2dc6f04655,2017-06-19T12:27:08.631Z,2017-06-19T12:27:08.583Z,Edm.DateTime,89528a2dc6f04655,Edm.String,f83f579c2a9846eaac65c546c706cd67,Edm.String
f83f579c2a9846eaac65c546c706cd67,8a79fa2b15cc7f6b,2018-03-15T06:52:23.981Z,2018-03-15T06:52:23.905Z,Edm.DateTime,8a79fa2b15cc7f6b,Edm.String,f83f579c2a9846eaac65c546c706cd67,Edm.String
f83f579c2a9846eaac65c546c706cd67,8b133504998ca8c9,2017-06-26T07:36:52.301Z,2017-06-26T07:36:52.197Z,Edm.DateTime,8b133504998ca8c9,Edm.String,f83f579c2a9846eaac65c546c706cd67,Edm.String
f83f579c2a9846eaac65c546c706cd67,8d8f839ce3bb2bc8,2017-08-08T07:58:16.310Z,2017-08-08T07:58:15.687Z,Edm.DateTime,8d8f839ce3bb2bc8,Edm.String,f83f579c2a9846eaac65c546c706cd67,Edm.String
f83f579c2a9846eaac65c546c706cd67,8dc321bdd78356bc,2017-07-12T12:37:48.153Z,2017-07-12T12:37:47.471Z,Edm.DateTime,8dc321bdd78356bc,Edm.String,f83f579c2a9846eaac65c546c706cd67,Edm.String
f83f579c2a9846eaac65c546c706cd67,8f5ce9a8d15ddb69,2016-09-23T15:57:11.429Z,2016-09-23T15:57:10.988Z,Edm.DateTime,8f5ce9a8d15ddb69,Edm.String,f83f579c2a9846eaac65c546c706cd67,Edm.String
f83f579c2a9846eaac65c546c706cd67,9180440f858ec72c,2017-07-03T12:00:41.234Z,2017-07-03T12:00:41.302Z,Edm.DateTime,9180440f858ec72c,Edm.String,f83f579c2a9846eaac65c546c706cd67,Edm.String
f83f579c2a9846eaac65c546c706cd67,94a18c8e09eb2a1d,2017-07-29T19:00:49.745Z,2017-07-29T19:00:50.212Z,Edm.DateTime,94a18c8e09eb2a1d,Edm.String,f83f579c2a9846eaac65c546c706cd67,Edm.String
f83f579c2a9846eaac65c546c706cd67,9a96def568d8b9e1,2016-09-03T16:16:32.838Z,2016-09-03T16:16:31.732Z,Edm.DateTime,9a96def568d8b9e1,Edm.String,f83f579c2a9846eaac65c546c706cd67,Edm.String
f83f579c2a9846eaac65c546c706cd67,9ba56f3d9355d3a7,2016-10-07T14:23:54.725Z,2016-10-07T14:23:55.566Z,Edm.DateTime,9ba56f3d9355d3a7,Edm.String,f83f579c2a9846eaac65c546c706cd67,Edm.String
f83f579c2a9846eaac65c546c706cd67,9c32f69c416841dc,2017-01-08T18:14:43.628Z,2017-01-08T18:14:44.516Z,Edm.DateTime,9c32f69c416841dc,Edm.String,f83f579c2a9846eaac65c546c706cd67,Edm.String
f83f579c2a9846eaac65c546c706cd67,9c878477cb1c177e,2017-06-26T03:45:37.355Z,2017-06-26T03:45:37.642Z,Edm.DateTime,9c878477cb1c177e,Edm.String,f83f579c2a9846eaac65c546c706cd67,Edm.String
f83f579c2a9846eaac65c546c706cd67,9db8e9d22d3b09f6,2017-06-08T12:46:00.106Z,2017-06-08T12:46:01.002Z,Edm.DateTime,9db8e9d22d3b09f6,Edm.String,f83f579c2a9846eaac65c546c706cd67,Edm.String
f83f579c2a9846eaac65c546c706cd67,9e6ad333333fbc9d,2017-06-19T06:59:40.062Z,2017-06-19T06:59:40.138Z,Edm.DateTime,9e6ad333333fbc9d,Edm.String,f83f579c2a9846eaac65c546c706cd67,Edm.String
f83f579c2a9846eaac65c546c706cd67,9ec39574bd8b25c,2018-04-23T18:04:22.695Z,2018-04-23T18:04:22.520Z,Edm.DateTime,9ec39574bd8b25c,Edm.String,f83f579c2a9846eaac65c546c706cd67,Edm.String
f83f579c2a9846eaac65c546c706cd67,DJFLDJGDDHJDFDHJGDHGLGHD,2018-07-27T10:32:46.967Z,2018-07-27T10:32:46.921Z,Edm.DateTime,DJFLDJGDDHJDFDHJGDHGLGHD,Edm.String,f83f579c2a9846eaac65c546c706cd67,Edm.String
f83f579c2a9846eaac65c546c706cd67,DJFLDJGDDHJHGLGHD,2018-07-27T10:30:28.734Z,2018-07-27T10:30:28.684Z,Edm.DateTime,DJFLDJGDDHJHGLGHD,Edm.String,f83f579c2a9846eaac65c546c706cd67,Edm.String
f83f579c2a9846eaac65c546c706cd67,DJFLDJGDNGLKNJGJDLGK,2018-07-27T10:04:13.292Z,2018-07-27T10:04:13.029Z,Edm.DateTime,DJFLDJGDNGLKNJGJDLGK,Edm.String,f83f579c2a9846eaac65c546c706cd67,Edm.String
f83f579c2a9846eaac65c546c706cd67,YFDFGFKFMGFKGNGKJFBGKJGBDF,2018-07-24T05:13:03.446Z,2018-07-24T05:13:03.365Z,Edm.DateTime,YFDFGFKFMGFKGNGKJFBGKJGBDF,Edm.String,f83f579c2a9846eaac65c546c706cd67,Edm.String
f83f579c2a9846eaac65c546c706cd67,a2207bbfd38ef2fa,2017-04-25T15:33:29.587Z,2017-04-25T15:33:29.832Z,Edm.DateTime,a2207bbfd38ef2fa,Edm.String,f83f579c2a9846eaac65c546c706cd67,Edm.String
f83f579c2a9846eaac65c546c706cd67,a24248f699e4c76f,2017-02-06T09:53:09.681Z,2017-02-06T09:53:10.280Z,Edm.DateTime,a24248f699e4c76f,Edm.String,f83f579c2a9846eaac65c546c706cd67,Edm.String
f83f579c2a9846eaac65c546c706cd67,a2bcbe933176e724,2018-07-05T21:22:22.713Z,2018-07-05T21:22:22.616Z,Edm.DateTime,a2bcbe933176e724,Edm.String,f83f579c2a9846eaac65c546c706cd67,Edm.String
f83f579c2a9846eaac65c546c706cd67,a2ea6616994c7c7f,2017-06-27T17:57:09.080Z,2017-06-27T17:57:08.495Z,Edm.DateTime,a2ea6616994c7c7f,Edm.String,f83f579c2a9846eaac65c546c706cd67,Edm.String
f83f579c2a9846eaac65c546c706cd67,a31c46b0bd9bc1d4,2017-06-23T01:32:26.223Z,2017-06-23T01:32:25.440Z,Edm.DateTime,a31c46b0bd9bc1d4,Edm.String,f83f579c2a9846eaac65c546c706cd67,Edm.String
f83f579c2a9846eaac65c546c706cd67,a4d71450831fe255,2017-07-01T12:15:15.535Z,2017-07-01T12:15:15.136Z,Edm.DateTime,a4d71450831fe255,Edm.String,f83f579c2a9846eaac65c546c706cd67,Edm.String
f83f579c2a9846eaac65c546c706cd67,aa47f336433d0153,2017-06-26T07:21:47.571Z,2017-06-26T07:21:48.100Z,Edm.DateTime,aa47f336433d0153,Edm.String,f83f579c2a9846eaac65c546c706cd67,Edm.String
f83f579c2a9846eaac65c546c706cd67,aa5d26a2f3ea2e2d,2017-06-29T13:49:12.557Z,2017-06-29T13:49:12.036Z,Edm.DateTime,aa5d26a2f3ea2e2d,Edm.String,f83f579c2a9846eaac65c546c706cd67,Edm.String
f83f579c2a9846eaac65c546c706cd67,ab1ba9c365c1a345,2016-10-15T13:10:42.066Z,2016-10-15T13:10:42.614Z,Edm.DateTime,ab1ba9c365c1a345,Edm.String,f83f579c2a9846eaac65c546c706cd67,Edm.String
f83f579c2a9846eaac65c546c706cd67,abb2b9458113e8ac,2017-06-03T05:32:51.878Z,2017-06-03T05:32:51.811Z,Edm.DateTime,abb2b9458113e8ac,Edm.String,f83f579c2a9846eaac65c546c706cd67,Edm.String
f83f579c2a9846eaac65c546c706cd67,abe22c43f928a5ce,2018-04-09T09:42:49.061Z,2018-04-09T09:42:48.975Z,Edm.DateTime,abe22c43f928a5ce,Edm.String,f83f579c2a9846eaac65c546c706cd67,Edm.String
f83f579c2a9846eaac65c546c706cd67,ad3e1a049c521de3,2017-04-23T13:19:31.087Z,2017-04-23T13:19:31.308Z,Edm.DateTime,ad3e1a049c521de3,Edm.String,f83f579c2a9846eaac65c546c706cd67,Edm.String
f83f579c2a9846eaac65c546c706cd67,add30da7853670f7,2017-02-08T11:28:14.432Z,2017-02-08T11:28:14.706Z,Edm.DateTime,add30da7853670f7,Edm.String,f83f579c2a9846eaac65c546c706cd67,Edm.String
f83f579c2a9846eaac65c546c706cd67,adebcd8273701519,2017-06-27T14:38:47.838Z,2017-06-27T14:38:47.395Z,Edm.DateTime,adebcd8273701519,Edm.String,f83f579c2a9846eaac65c546c706cd67,Edm.String
f83f579c2a9846eaac65c546c706cd67,aeeb35b28d3ac786,2017-07-07T23:35:11.515Z,2017-07-07T23:35:10.498Z,Edm.DateTime,aeeb35b28d3ac786,Edm.String,f83f579c2a9846eaac65c546c706cd67,Edm.String
f83f579c2a9846eaac65c546c706cd67,af3f8acb09cd8689,2017-04-26T08:39:43.462Z,2017-04-26T08:39:43.862Z,Edm.DateTime,af3f8acb09cd8689,Edm.String,f83f579c2a9846eaac65c546c706cd67,Edm.String
f83f579c2a9846eaac65c546c706cd67,b19f85b597c80974,2017-01-05T13:50:05.623Z,2017-01-05T13:50:05.639Z,Edm.DateTime,b19f85b597c80974,Edm.String,f83f579c2a9846eaac65c546c706cd67,Edm.String
f83f579c2a9846eaac65c546c706cd67,b25ae6d443387927,2016-12-20T08:16:17.381Z,2016-12-20T08:16:17.982Z,Edm.DateTime,b25ae6d443387927,Edm.String,f83f579c2a9846eaac65c546c706cd67,Edm.String
f83f579c2a9846eaac65c546c706cd67,b2cb8d09b49f706e,2018-07-23T08:14:54.463Z,2018-07-23T08:14:54.273Z,Edm.DateTime,b2cb8d09b49f706e,Edm.String,f83f579c2a9846eaac65c546c706cd67,Edm.String
f83f579c2a9846eaac65c546c706cd67,b68afeb8e843dd98,2016-10-11T12:29:05.597Z,2016-10-11T12:29:06.172Z,Edm.DateTime,b68afeb8e843dd98,Edm.String,f83f579c2a9846eaac65c546c706cd67,Edm.String
f83f579c2a9846eaac65c546c706cd67,b81764f780bdf524,2017-07-14T05:41:45.720Z,2017-07-14T05:41:45.738Z,Edm.DateTime,b81764f780bdf524,Edm.String,f83f579c2a9846eaac65c546c706cd67,Edm.String
f83f579c2a9846eaac65c546c706cd67,b84c9a1cc50025ba,2017-02-11T10:28:13.783Z,2017-02-11T10:28:13.676Z,Edm.DateTime,b84c9a1cc50025ba,Edm.String,f83f579c2a9846eaac65c546c706cd67,Edm.String
f83f579c2a9846eaac65c546c706cd67,b8e212e1fd1eb40d,2017-07-12T10:18:05.596Z,2017-07-12T10:18:05.077Z,Edm.DateTime,b8e212e1fd1eb40d,Edm.String,f83f579c2a9846eaac65c546c706cd67,Edm.String
f83f579c2a9846eaac65c546c706cd67,b99bcba7b46dc7fe,2017-07-22T15:54:58.698Z,2017-07-22T15:54:58.540Z,Edm.DateTime,b99bcba7b46dc7fe,Edm.String,f83f579c2a9846eaac65c546c706cd67,Edm.String
f83f579c2a9846eaac65c546c706cd67,b9a2b224292a7206,2018-07-05T07:52:28.342Z,2018-07-05T07:52:28.166Z,Edm.DateTime,b9a2b224292a7206,Edm.String,f83f579c2a9846eaac65c546c706cd67,Edm.String
f83f579c2a9846eaac65c546c706cd67,ba4eedd8ab2e0d38,2016-10-09T11:04:19.889Z,2016-10-09T11:04:20.288Z,Edm.DateTime,ba4eedd8ab2e0d38,Edm.String,f83f579c2a9846eaac65c546c706cd67,Edm.String
f83f579c2a9846eaac65c546c706cd67,baa0a0e376b0adc2,2017-07-11T13:24:52.028Z,2017-07-11T13:24:51.262Z,Edm.DateTime,baa0a0e376b0adc2,Edm.String,f83f579c2a9846eaac65c546c706cd67,Edm.String
f83f579c2a9846eaac65c546c706cd67,baeab7e74015b182,2017-08-23T04:08:18.906Z,2017-08-23T04:08:18.915Z,Edm.DateTime,baeab7e74015b182,Edm.String,f83f579c2a9846eaac65c546c706cd67,Edm.String
f83f579c2a9846eaac65c546c706cd67,bb0a0db218ffd1f9,2018-03-01T10:01:07.372Z,2018-03-01T10:01:07.342Z,Edm.DateTime,bb0a0db218ffd1f9,Edm.String,f83f579c2a9846eaac65c546c706cd67,Edm.String
f83f579c2a9846eaac65c546c706cd67,bce9e3dc25a78d8f,2017-06-22T01:05:27.660Z,2017-06-22T01:05:27.824Z,Edm.DateTime,bce9e3dc25a78d8f,Edm.String,f83f579c2a9846eaac65c546c706cd67,Edm.String
f83f579c2a9846eaac65c546c706cd67,bd4e70a5bb2fa13d,2017-09-22T07:16:33.875Z,2017-09-22T07:16:33.672Z,Edm.DateTime,bd4e70a5bb2fa13d,Edm.String,f83f579c2a9846eaac65c546c706cd67,Edm.String
f83f579c2a9846eaac65c546c706cd67,bdcf2cd36645e4fa,2018-03-29T08:07:01.589Z,2018-03-29T08:07:01.502Z,Edm.DateTime,bdcf2cd36645e4fa,Edm.String,f83f579c2a9846eaac65c546c706cd67,Edm.String
f83f579c2a9846eaac65c546c706cd67,bec0da872f19201b,2017-06-17T06:57:00.913Z,2017-06-17T06:57:00.316Z,Edm.DateTime,bec0da872f19201b,Edm.String,f83f579c2a9846eaac65c546c706cd67,Edm.String
f83f579c2a9846eaac65c546c706cd67,bf7b1f191522ca9c,2016-09-13T14:19:22.735Z,2016-09-13T14:19:22.700Z,Edm.DateTime,bf7b1f191522ca9c,Edm.String,f83f579c2a9846eaac65c546c706cd67,Edm.String
f83f579c2a9846eaac65c546c706cd67,bff620558336a892,2016-09-05T04:55:16.083Z,2016-09-05T04:55:14.477Z,Edm.DateTime,bff620558336a892,Edm.String,f83f579c2a9846eaac65c546c706cd67,Edm.String
f83f579c2a9846eaac65c546c706cd67,c153ce0c33bf3441,2017-03-16T19:54:29.893Z,2017-03-16T19:54:29.620Z,Edm.DateTime,c153ce0c33bf3441,Edm.String,f83f579c2a9846eaac65c546c706cd67,Edm.String
f83f579c2a9846eaac65c546c706cd67,c30aabb8a4d63b50,2017-07-01T14:57:02.528Z,2017-07-01T14:57:01.532Z,Edm.DateTime,c30aabb8a4d63b50,Edm.String,f83f579c2a9846eaac65c546c706cd67,Edm.String
f83f579c2a9846eaac65c546c706cd67,c736024be47f90de,2017-07-06T19:12:57.701Z,2017-07-06T19:12:56.971Z,Edm.DateTime,c736024be47f90de,Edm.String,f83f579c2a9846eaac65c546c706cd67,Edm.String
f83f579c2a9846eaac65c546c706cd67,c909024ef5489cef,2017-07-11T12:17:11.680Z,2017-07-11T12:17:10.948Z,Edm.DateTime,c909024ef5489cef,Edm.String,f83f579c2a9846eaac65c546c706cd67,Edm.String
f83f579c2a9846eaac65c546c706cd67,c97ca18e38cd1968,2018-01-08T09:36:16.718Z,2018-01-08T09:36:17.068Z,Edm.DateTime,c97ca18e38cd1968,Edm.String,f83f579c2a9846eaac65c546c706cd67,Edm.String
f83f579c2a9846eaac65c546c706cd67,c9fa431d24a2dff7,2017-07-10T16:02:43.165Z,2017-07-10T16:02:42.483Z,Edm.DateTime,c9fa431d24a2dff7,Edm.String,f83f579c2a9846eaac65c546c706cd67,Edm.String
f83f579c2a9846eaac65c546c706cd67,cabe827d8bf4bdf2,2017-06-27T12:38:11.388Z,2017-06-27T12:38:09.930Z,Edm.DateTime,cabe827d8bf4bdf2,Edm.String,f83f579c2a9846eaac65c546c706cd67,Edm.String
f83f579c2a9846eaac65c546c706cd67,cb507065fc4b4246,2017-06-27T12:34:32.331Z,2017-06-27T12:34:31.001Z,Edm.DateTime,cb507065fc4b4246,Edm.String,f83f579c2a9846eaac65c546c706cd67,Edm.String
f83f579c2a9846eaac65c546c706cd67,cb8ff2a2001aa399,2017-06-16T13:51:45.758Z,2017-06-16T13:51:46.210Z,Edm.DateTime,cb8ff2a2001aa399,Edm.String,f83f579c2a9846eaac65c546c706cd67,Edm.String
f83f579c2a9846eaac65c546c706cd67,cbe8609a6c03b7a,2017-07-11T11:20:01.908Z,2017-07-11T11:20:01.198Z,Edm.DateTime,cbe8609a6c03b7a,Edm.String,f83f579c2a9846eaac65c546c706cd67,Edm.String
f83f579c2a9846eaac65c546c706cd67,cc326ce522f5c0ac,2017-02-06T08:13:02.759Z,2017-02-06T08:13:02.656Z,Edm.DateTime,cc326ce522f5c0ac,Edm.String,f83f579c2a9846eaac65c546c706cd67,Edm.String
f83f579c2a9846eaac65c546c706cd67,ccba9dcf624e4900,2018-07-27T10:00:14.339Z,2018-07-27T10:00:14.293Z,Edm.DateTime,ccba9dcf624e4900,Edm.String,f83f579c2a9846eaac65c546c706cd67,Edm.String
f83f579c2a9846eaac65c546c706cd67,ccc3957e1f5fa8d4,2017-06-27T11:39:07.847Z,2017-06-27T11:39:07.241Z,Edm.DateTime,ccc3957e1f5fa8d4,Edm.String,f83f579c2a9846eaac65c546c706cd67,Edm.String
f83f579c2a9846eaac65c546c706cd67,cd07bde8ef77ca1,2017-06-24T10:37:53.272Z,2017-06-24T10:37:52.593Z,Edm.DateTime,cd07bde8ef77ca1,Edm.String,f83f579c2a9846eaac65c546c706cd67,Edm.String
f83f579c2a9846eaac65c546c706cd67,cd5263b990b0e496,2017-09-10T08:08:05.939Z,2017-09-10T08:08:05.959Z,Edm.DateTime,cd5263b990b0e496,Edm.String,f83f579c2a9846eaac65c546c706cd67,Edm.String
f83f579c2a9846eaac65c546c706cd67,ce2b0d2a2700f064,2016-12-19T09:31:14.684Z,2016-12-19T09:31:14.732Z,Edm.DateTime,ce2b0d2a2700f064,Edm.String,f83f579c2a9846eaac65c546c706cd67,Edm.String
f83f579c2a9846eaac65c546c706cd67,ce491885ab29c838,2016-12-19T09:31:33.595Z,2016-12-19T09:31:33.540Z,Edm.DateTime,ce491885ab29c838,Edm.String,f83f579c2a9846eaac65c546c706cd67,Edm.String
f83f579c2a9846eaac65c546c706cd67,ce922bb33ba563fd,2017-07-11T16:55:15.530Z,2017-07-11T16:55:15.119Z,Edm.DateTime,ce922bb33ba563fd,Edm.String,f83f579c2a9846eaac65c546c706cd67,Edm.String
f83f579c2a9846eaac65c546c706cd67,d1604fe5f76b4c75,2017-06-18T11:31:08.441Z,2017-06-18T11:31:08.380Z,Edm.DateTime,d1604fe5f76b4c75,Edm.String,f83f579c2a9846eaac65c546c706cd67,Edm.String
f83f579c2a9846eaac65c546c706cd67,d277a409c0e0fb0c,2017-07-11T08:17:52.239Z,2017-07-11T08:17:51.930Z,Edm.DateTime,d277a409c0e0fb0c,Edm.String,f83f579c2a9846eaac65c546c706cd67,Edm.String
f83f579c2a9846eaac65c546c706cd67,d2f1767644567e62,2018-01-04T13:15:58.781Z,2018-01-04T13:15:58.819Z,Edm.DateTime,d2f1767644567e62,Edm.String,f83f579c2a9846eaac65c546c706cd67,Edm.String
f83f579c2a9846eaac65c546c706cd67,d4bf9b94732e2834,2016-08-31T18:16:17.173Z,2016-08-31T18:16:16.872Z,Edm.DateTime,d4bf9b94732e2834,Edm.String,f83f579c2a9846eaac65c546c706cd67,Edm.String
f83f579c2a9846eaac65c546c706cd67,d66e5af3a73e3346,2017-06-28T15:56:39.146Z,2017-06-28T15:56:38.846Z,Edm.DateTime,d66e5af3a73e3346,Edm.String,f83f579c2a9846eaac65c546c706cd67,Edm.String
f83f579c2a9846eaac65c546c706cd67,d82f2b43a3ab14a9,2017-12-19T12:58:47.872Z,2017-12-19T12:58:46.844Z,Edm.DateTime,d82f2b43a3ab14a9,Edm.String,f83f579c2a9846eaac65c546c706cd67,Edm.String
f83f579c2a9846eaac65c546c706cd67,da3fcbbe4febaf92,2017-06-25T14:25:11.387Z,2017-06-25T14:25:11.469Z,Edm.DateTime,da3fcbbe4febaf92,Edm.String,f83f579c2a9846eaac65c546c706cd67,Edm.String
f83f579c2a9846eaac65c546c706cd67,da955bcfff315071,2017-01-08T11:06:37.456Z,2017-01-08T11:06:38.345Z,Edm.DateTime,da955bcfff315071,Edm.String,f83f579c2a9846eaac65c546c706cd67,Edm.String
f83f579c2a9846eaac65c546c706cd67,dac9c9a246abdaea,2017-07-15T16:33:02.166Z,2017-07-15T16:33:02.402Z,Edm.DateTime,dac9c9a246abdaea,Edm.String,f83f579c2a9846eaac65c546c706cd67,Edm.String
f83f579c2a9846eaac65c546c706cd67,dbfa9d36163fa9b3,2018-04-16T18:11:55.901Z,2018-04-16T18:11:55.784Z,Edm.DateTime,dbfa9d36163fa9b3,Edm.String,f83f579c2a9846eaac65c546c706cd67,Edm.String
f83f579c2a9846eaac65c546c706cd67,dff6b4a603495ed6,2017-07-10T21:51:01.212Z,2017-07-10T21:51:00.951Z,Edm.DateTime,dff6b4a603495ed6,Edm.String,f83f579c2a9846eaac65c546c706cd67,Edm.String
f83f579c2a9846eaac65c546c706cd67,e4d8fedca7612fe7,2018-07-20T09:30:38.361Z,2018-07-20T09:30:38.279Z,Edm.DateTime,e4d8fedca7612fe7,Edm.String,f83f579c2a9846eaac65c546c706cd67,Edm.String
f83f579c2a9846eaac65c546c706cd67,e9041fd9390275b9,2017-06-30T18:14:54.623Z,2017-06-30T18:14:54.344Z,Edm.DateTime,e9041fd9390275b9,Edm.String,f83f579c2a9846eaac65c546c706cd67,Edm.String
f83f579c2a9846eaac65c546c706cd67,e9ab8424715e18cd,2018-03-28T10:56:43.002Z,2018-03-28T10:56:42.861Z,Edm.DateTime,e9ab8424715e18cd,Edm.String,f83f579c2a9846eaac65c546c706cd67,Edm.String
f83f579c2a9846eaac65c546c706cd67,e9e31c794ba725a1,2017-07-31T02:26:30.213Z,2017-07-31T02:26:29.935Z,Edm.DateTime,e9e31c794ba725a1,Edm.String,f83f579c2a9846eaac65c546c706cd67,Edm.String
f83f579c2a9846eaac65c546c706cd67,ea85b7377e305fa2,2018-07-30T16:53:12.027Z,2018-07-30T16:53:11.962Z,Edm.DateTime,ea85b7377e305fa2,Edm.String,f83f579c2a9846eaac65c546c706cd67,Edm.String
f83f579c2a9846eaac65c546c706cd67,ecca982992e3b221,2017-05-19T08:33:15.400Z,2017-05-19T08:33:16.005Z,Edm.DateTime,ecca982992e3b221,Edm.String,f83f579c2a9846eaac65c546c706cd67,Edm.String
f83f579c2a9846eaac65c546c706cd67,ecdc81510b7bc6dd,2016-09-28T14:30:24.011Z,2016-09-28T14:30:23.817Z,Edm.DateTime,ecdc81510b7bc6dd,Edm.String,f83f579c2a9846eaac65c546c706cd67,Edm.String
f83f579c2a9846eaac65c546c706cd67,ed6307e1fdb11e8f,2016-09-06T04:58:34.183Z,2016-09-06T04:58:31.711Z,Edm.DateTime,ed6307e1fdb11e8f,Edm.String,f83f579c2a9846eaac65c546c706cd67,Edm.String
f83f579c2a9846eaac65c546c706cd67,ee2c8f03734cfb46,2017-07-10T23:21:21.497Z,2017-07-10T23:21:21.185Z,Edm.DateTime,ee2c8f03734cfb46,Edm.String,f83f579c2a9846eaac65c546c706cd67,Edm.String
f83f579c2a9846eaac65c546c706cd67,ef2451fe9fe0a499,2017-06-18T18:34:48.677Z,2017-06-18T18:34:47.610Z,Edm.DateTime,ef2451fe9fe0a499,Edm.String,f83f579c2a9846eaac65c546c706cd67,Edm.String
f83f579c2a9846eaac65c546c706cd67,f1e80f3cd2f117ce,2017-06-29T15:39:11.089Z,2017-06-29T15:39:10.320Z,Edm.DateTime,f1e80f3cd2f117ce,Edm.String,f83f579c2a9846eaac65c546c706cd67,Edm.String
f83f579c2a9846eaac65c546c706cd67,f3913a32794974e5,2017-04-23T12:35:07.024Z,2017-04-23T12:35:07.143Z,Edm.DateTime,f3913a32794974e5,Edm.String,f83f579c2a9846eaac65c546c706cd67,Edm.String
f83f579c2a9846eaac65c546c706cd67,f633e2084fe4a3e2,2017-07-14T17:38:54.997Z,2017-07-14T17:38:53.812Z,Edm.DateTime,f633e2084fe4a3e2,Edm.String,f83f579c2a9846eaac65c546c706cd67,Edm.String
f83f579c2a9846eaac65c546c706cd67,f85c5f26ca4314d6,2017-06-29T13:50:26.913Z,2017-06-29T13:50:26.260Z,Edm.DateTime,f85c5f26ca4314d6,Edm.String,f83f579c2a9846eaac65c546c706cd67,Edm.String
f83f579c2a9846eaac65c546c706cd67,f9bd5c77a8d6853d,2018-06-12T12:18:55.181Z,2018-06-12T12:18:55.060Z,Edm.DateTime,f9bd5c77a8d6853d,Edm.String,f83f579c2a9846eaac65c546c706cd67,Edm.String
f83f579c2a9846eaac65c546c706cd67,faa086140f6060f9,2018-01-11T11:56:43.789Z,2018-01-11T11:56:44.112Z,Edm.DateTime,faa086140f6060f9,Edm.String,f83f579c2a9846eaac65c546c706cd67,Edm.String
f83f579c2a9846eaac65c546c706cd67,fba729fa9f61585c,2017-06-04T08:33:52.995Z,2017-06-04T08:33:53.794Z,Edm.DateTime,fba729fa9f61585c,Edm.String,f83f579c2a9846eaac65c546c706cd67,Edm.String
f83f579c2a9846eaac65c546c706cd67,fcdbc144a595e40d,2017-07-11T11:15:42.278Z,2017-07-11T11:15:41.557Z,Edm.DateTime,fcdbc144a595e40d,Edm.String,f83f579c2a9846eaac65c546c706cd67,Edm.String
